{
  "interactionModel": {
    "languageModel": {
      "invocationName": "clacks bins",
      "intents": [
        {
          "name": "AMAZON.CancelIntent",
          "samples": []
        },
        {
          "name": "AMAZON.HelpIntent",
          "samples": []
        },
        {
          "name": "AMAZON.StopIntent",
          "samples": []
        },
        {
          "name": "BinsOutIntent",
          "slots": [],
          "samples": [
            "when\u0027s the bins",
            "when are the bins out",
            "When\u0027s the bins out"
          ]
        },
        {
          "name": "AMAZON.NavigateHomeIntent",
          "samples": []
        },
        {
          "name": "AMAZON.FallbackIntent",
          "samples": []
        },
        {
          "name": "AMAZON.PauseIntent",
          "samples": []
        },
        {
          "name": "AMAZON.ResumeIntent",
          "samples": []
        }
      ],
      "types": [],
      "modelConfiguration": {
        "fallbackIntentSensitivity": {
          "level": "LOW"
        }
      }
    }
  },
  "version": "5"
}